{"cameraMode":{"drawMode":0,"name":"Shaded","section":"Shading Mode"},"sceneLighting":true,"audioPlay":false,"sceneViewState":{"showFog":true,"showMaterialUpdate":false,"showSkybox":true,"showFlares":true,"showImageEffects":true,"showParticleSystems":true},"in2DMode":false,"pivot":{"x":13.289373397827149,"y":-12.756123542785645,"z":47.73064422607422},"rotation":{"x":0.09687928855419159,"y":-0.3062177002429962,"z":0.03134297952055931,"w":0.946500301361084},"size":110.8134994506836,"orthographic":false}